{"events":[{"title":"Another dummy event","image":"https://www.google.com/imgres?q=camp%20nou&imgurl=https%3A%2F%2Fwww.fcbarcelona.com%2Fphoto-resources%2F2021%2F08%2F09%2F276ad270-e5c6-453d-8d9f-212417ad7cb3%2FCamp-Nou-3.jpg%3Fwidth%3D1200%26height%3D750&imgrefurl=https%3A%2F%2Fwww.fcbarcelona.com%2Fen%2Fclub%2Ffacilities%2Fspotify-camp-nou&docid=nlFv5W06jIgRBM&tbnid=TahUYzYfYPxOKM&vet=12ahUKEwiRvsiVy5OOAxXO4zgGHfncInAQM3oECGcQAA..i&w=1200&h=750&hcb=2&ved=2ahUKEwiRvsiVy5OOAxXO4zgGHfncInAQM3oECGcQAA","date":"2025-06-28","description":"Wubba dubba lubba dub","id":"13ac5d71-761c-453d-bd88-83cf1170ff85"},{"title":"A dummy event!!!","image":"https://blog.hubspot.de/hubfs/Germany/Blog_images/Optimize_Marketing%20Events%20DACH%202021.jpg","date":"2023-02-22","description":"Join this amazing event and connect with fellow developers.","id":"e1"}]}