{"events":[{"title":"asdfsd","image":"https://www.google.com/url?sa=i&url=https%3A%2F%2Fstock.adobe.com%2Fsearch%3Fk%3Dmeeting&psig=AOvVaw3KQtStx3laoBCE9BmTfFYR&ust=1751204729955000&source=images&cd=vfe&opi=89978449&ved=0CBEQjRxqFwoTCJjOlZGglI4DFQAAAAAdAAAAABAE","date":"2025-07-08","description":"asdfasdf","id":"66c1a58a-030b-4dab-8eef-7b96a0037d10"},{"title":"asdff ;lkj","image":"https://www.google.com/imgres?q=camp%20nou&imgurl=https%3A%2F%2Fwww.fcbarcelona.com%2Fphoto-resources%2F2021%2F08%2F09%2F276ad270-e5c6-453d-8d9f-212417ad7cb3%2FCamp-Nou-3.jpg%3Fwidth%3D1200%26height%3D750&imgrefurl=https%3A%2F%2Fwww.fcbarcelona.com%2Fen%2Fclub%2Ffacilities%2Fspotify-camp-nou&docid=nlFv5W06jIgRBM&tbnid=TahUYzYfYPxOKM&vet=12ahUKEwiRvsiVy5OOAxXO4zgGHfncInAQM3oECGcQAA..i&w=1200&h=750&hcb=2&ved=2ahUKEwiRvsiVy5OOAxXO4zgGHfncInAQM3oECGcQAA","date":"2025-07-16","description":"asdf","id":"50c26875-7984-4ad2-8159-c2718b63e24f"}],"users":[{"email":"test@gmail.com","password":"$2a$12$40haxTdOHxVWtSm2B9c9LOchorvfk91Jy1XUH.SrGIpkLT2i.yVAK","id":"376d9ba0-5ff5-41a5-b26e-bd3da676dcc1"},{"email":"test2@gmail.com","password":"$2a$12$ROLx2OXTt7AUGa2eTUnAbeziszqEQdiF8ElktzGUaiQ63UcjqCqmS","id":"fb810030-8eb3-4d05-84df-38922dbfdc8f"},{"email":"test3@gmail.com","password":"$2a$12$vemmMsx1MPpKWLgiv4domOgdfXDdtFXwU2AOnFQPBHMj5VOz6MJf.","id":"29a8feae-7cf8-4b3b-ae68-de5c64a9f90a"},{"email":"test4@gmail.com","password":"$2a$12$Yofq5jKQg9rHFHBSG/FWqO.LdekTdoxVRIQV2HhmypoxzURKnFvJG","id":"06d91c47-83b1-4d12-9c23-6f76c990dd88"},{"email":"test5@gmail.com","password":"$2a$12$b0OQ2nxCpK9LRnzYjxMD4uyalHIsTMwlTF0Zg1Nag.t2aFwDLMKKy","id":"506213c1-d47f-430e-8d9a-9f407c39552b"},{"email":"test6@gmail.com","password":"$2a$12$wKWjcnjT8JZcy.JF4Q577u4Bzo2EYE8vL.T6QlCIs4qWaSSqAuh6O","id":"7b7de867-5110-42e4-89ff-0b9d399b27b7"}]}